topic0	ausbildung 0.0400520943766	studium 0.0298334698716	student 0.0203954293028	studierende 0.0202847280336	prüfung 0.0194609748203	hochschule 0.0162746328224	beruf 0.0151476084944	kurs 0.0145592721671	beruflich 0.0123057853077	studieren 0.0117913479095	jahr 0.0111975230945	lernen 0.0110007010651	semester 0.0107967380743	uni 0.010219108155	fach 0.00979848331875	studiengang 0.00912301533962	praktikum 0.00911998100453	weiterbildung 0.00835839404145	universität 0.00758815666283	erst 0.00750953711808	vorlesung 0.00735292967785	abschluss 0.00700091816926	arbeiten 0.0063984910309	kenntnis 0.00555836805336	finden 0.00532777224038
topic1	mobil 0.0331591324794	handy 0.0316319765416	iphone 0.0312812776415	video 0.0264416264291	app 0.0225953341383	ipad 0.0177881919604	internet 0.0144855815252	smartphone 0.0134875275018	gerät 0.01192054555	sms 0.0102380928061	surfen 0.0100783360287	geben 0.00953602601692	kostenlos 0.00858925289638	netz 0.00851181136814	dsl 0.00785585213782	neu 0.00781280044663	digital 0.00775694866147	nutzen 0.00765253140106	tarif 0.0069054858716	schnell 0.00647439767525	telefonieren 0.00621115085829	telefon 0.0061317997507	verfügbar 0.00604639202119	umts 0.00568331969929	software 0.00552824515037
topic2	bild 0.170087235197	foto 0.0629266782402	sehen 0.0436106364497	kamera 0.0234816790631	licht 0.0142760757198	aufnahme 0.0129059594777	zeigen 0.0115942339732	fotograf 0.00862787687817	farbe 0.00826767306841	fotografie 0.00813621215947	fotografieren 0.00799025904233	objektiv 0.00736210426903	motiv 0.00722289430215	gut 0.00707359365718	digital 0.00706037632803	video 0.00641035824076	hintergrund 0.006036178867	lassen 0.00585938380434	groß 0.00566578580669	erkennen 0.00557235937585	auflösung 0.00556422189866	hell 0.00534748009278	machen 0.00532395402075	klein 0.00523438809597	auge 0.00464704634612
topic3	platz 0.0289977381892	team 0.0210872388658	erst 0.0195487418622	gut 0.01807996602	punkt 0.0171805465836	gewinnen 0.0156662022477	sieg 0.0143613259444	zweit 0.0125280381475	mannschaft 0.0118920308785	gehen 0.0106902296348	letzt 0.0105259534712	stehen 0.00775098316662	geben 0.00720819826812	ende 0.00716679743152	erfolg 0.00697002486911	zeigen 0.00651059855064	dritt 0.006467818373	kommen 0.00631487499418	stark 0.00630606753722	turnier 0.00628267959441	runde 0.00627359486555	leistung 0.00543955999912	groß 0.00537190656575	halbzeit 0.00518561785858	knapp 0.0051447357659
topic4	schiff 0.0500322591051	boot 0.0470873408374	fliegen 0.0325770918077	flughafen 0.0226528330545	hafen 0.0193188136137	flugzeug 0.0187987299985	flug 0.0178490744757	wind 0.0169861294372	bord 0.0169185604438	anker 0.0150738505614	maschine 0.0122909206972	air 0.0117002987774	segel 0.0106211660507	pilot 0.0104575499795	passagier 0.00874535041557	deck 0.00801933859599	rumpf 0.00793994794209	crew 0.00676103817949	fluggesellschaft 0.00655952644954	fliege 0.0064948653826	flieger 0.00610945934999	see 0.00544620644679	ruder 0.00544104655883	airline 0.00544013135645	flügel 0.00532040516883
topic5	hotel 0.0218250465046	bieten 0.0182795917412	liegen 0.0127890357333	groß 0.0122474044087	restaurant 0.0117124587477	zimmer 0.0108030783275	schön 0.010528939793	befinden 0.0102107157323	person 0.00876504870839	direkt 0.00864581285214	park 0.00831262212562	klein 0.00779016290622	gut 0.00740822877777	ferienwohnung 0.00697012298146	genießen 0.00638018470035	haus 0.00628595306728	stadt 0.00620867939837	lage 0.00616331219889	ferienhaus 0.0061349994726	stehen 0.00604602029468	ruhig 0.0060096662222	küche 0.00595059989547	gast 0.00545501890367	finden 0.00513678059227	platz 0.00512986923472
topic6	frage 0.0087222995256	neu 0.00682371214451	form 0.0063757039642	bedeutung 0.00615511855969	entwicklung 0.00584380102583	sozial 0.00528702126472	unterschiedlich 0.00526933023045	arbeit 0.00523436079903	rolle 0.00518601939268	zusammenhang 0.0049564150595	prozess 0.00480413022272	aspekt 0.00470555577661	begriff 0.00435172717579	struktur 0.00424464233858	beispiel 0.00424341624912	gehen 0.00420243898959	stellen 0.00419644070167	problem 0.00408623433935	teil 0.00405580848636	lassen 0.0040071225361	ansatz 0.00394572639309	eigen 0.00388555110388	kultur 0.00363115543844	sinn 0.00362095028329	deutlich 0.00359426982444
topic7	motor 0.0150893887198	gut 0.0116704164719	teil 0.0105523442573	leicht 0.00903483151233	klein 0.00858702862938	groß 0.00844665317366	lassen 0.00742568224373	gewicht 0.00665257652692	modell 0.00632348837401	passen 0.00608151570133	ventil 0.00577687057679	seite 0.00562277972401	sehen 0.00508785203026	reifen 0.00502321850371	breit 0.00490487916837	schraube 0.00462732186734	lang 0.00448191766118	original 0.00445262349226	scheibe 0.0044168720848	bauen 0.00431279848266	recht 0.00387829608001	länge 0.00379172190636	komplett 0.00360679922058	loch 0.00357597161138	rahmen 0.00356199280866
topic8	gut 0.035662486147	finden 0.0272899732574	machen 0.0224891101721	sagen 0.0223520285334	sehen 0.0198244602221	einfach 0.0185181261253	gehen 0.0175335568168	wissen 0.0170264522491	kommen 0.0167563775263	denken 0.0164637381465	geben 0.0156896503551	wirklich 0.0144673274848	glauben 0.0139838535236	echt 0.0130221455027	haben 0.0116003218256	meinen 0.0108549535305	leute 0.00955884277623	richtig 0.00820076050402	kennen 0.00809281563152	schlecht 0.00744490674957	ganz 0.0073002674643	tun 0.0071381513089	recht 0.00670569410218	schön 0.00658662390791	original 0.00624416836306
topic9	saison 0.0532054388996	fan 0.0402430242764	verein 0.037808223124	liga 0.0323622179931	fußball 0.0272332032564	stadion 0.0200030235869	bundesliga 0.0147379082457	trainer 0.01332315464	jahr 0.0122017216674	schalk 0.0113528157609	aktion 0.0111906919071	spielen 0.0103662431741	neu 0.0101745004066	bayer 0.00970076769323	club 0.00936804435223	vertrag 0.00915413525256	manager 0.00900321916725	sportlich 0.00839921809564	trikot 0.00774481179571	freistoß 0.00768540990529	wechseln 0.00746606636234	letzt 0.00713847513934	hamburger 0.00697764658732	arena 0.00688005476821	eintracht 0.00594077484256
topic10	groß 0.0252052976354	wald 0.0187602491495	liegen 0.0187073197575	meter 0.0169071054529	wasser 0.0144546384443	hoch 0.0133842937651	see 0.0120175602875	gebiet 0.00996476007872	fluss 0.00883727457039	landschaft 0.00839609940966	jahr 0.00837246032972	weit 0.00811726362567	teil 0.00772416393832	natur 0.00771019605268	süden 0.00693264337662	norden 0.00681410023578	klein 0.00680911250364	tief 0.00671235195314	südlich 0.00639349183642	höhe 0.00620210034875	nördlich 0.0058795596518	lang 0.00570477510817	region 0.00563169562306	stark 0.00527255830193	fläche 0.00480148544491
topic11	schweizer 0.0708664676298	kanton 0.0259042927488	franke 0.0250971606908	person 0.0211714220002	schweizerisch 0.0192592424784	beschwerdeführer 0.0184606408046	bund 0.0166891324308	flüchtling 0.0140601206355	bundesrat 0.0128500200887	ausländisch 0.0116983370651	bundesamt 0.0115983108416	prämie 0.0112380560481	entscheid 0.0110749589325	ausländer 0.0106085843892	berner 0.0103936384779	beschwerdeführerin 0.00910387517451	art 0.00774613406382	galle 0.00764888474238	gesuch 0.00717064784046	genossenschaft 0.00707927933095	würfeln 0.00706561431623	behörde 0.00696427243147	migration 0.00692498736987	botschaft 0.00682277391459	oberland 0.00672263298818
topic12	verlag 0.0348443249099	seite 0.0269414302283	band 0.0242114265327	ausgabe 0.0184711040252	auflage 0.0166719575836	werk 0.0165490292411	geschichte 0.0144233749535	literatur 0.0143185644085	zeitschrift 0.0137829117204	deutsch 0.0135384175857	bibliothek 0.0135325685111	text 0.0135307975094	heft 0.0123426069807	titel 0.0112966228904	exemplar 0.0103727841009	zahlreich 0.0100731949982	isbn 0.0100485777905	gedicht 0.00906754645169	herausgeber 0.00899791685027	erscheinen 0.00890985548835	gut 0.00841538935302	neu 0.00815904463341	nummer 0.00785755418564	sammlung 0.00757335805103	brief 0.00687685550897
topic13	gut 0.0135881850507	gegner 0.0133713734883	kampf 0.0124466241466	waffe 0.0123607800816	schnell 0.0122683277973	machen 0.00976937482807	stark 0.00786136654136	lassen 0.00673174689797	schießen 0.00622039493094	schwer 0.00618147285526	hoch 0.00609101077985	kommen 0.00591706629445	recht 0.00588656389305	leicht 0.00580579050938	angriff 0.00551795435346	halten 0.00531924228059	einfach 0.00519052424461	schlag 0.00510493355321	nehmen 0.00476473885749	bringen 0.00476178570176	schaden 0.00467468895689	gehen 0.00460405033165	hand 0.00445787344843	punkt 0.00438977397876	treffen 0.00437847100197
topic14	besucher 0.0359217399324	gast 0.0331990350818	veranstaltung 0.0230142618669	groß 0.0227853461189	messe 0.0149679605141	geben 0.0130115762097	programm 0.0125768206966	club 0.0124979472612	abend 0.0121104317937	halle 0.011769576212	laden 0.0108047011174	präsentieren 0.0103635168896	finden 0.0102428926743	besuch 0.00992964756803	stand 0.00953625363072	party 0.00915433133403	sorgen 0.00876461048703	veranstalter 0.00824980347494	zahlreich 0.00808893284957	erleben 0.00719625785198	bunt 0.00694104119257	bieten 0.00682070197535	lassen 0.0067185470079	welt 0.00670186589088	traditionell 0.00631825462612
topic15	karte 0.0439260982871	reise 0.0427745225529	hotel 0.0269595052941	urlaub 0.0230779378101	finden 0.0198519177893	land 0.0189894384488	buchen 0.0176146380545	ort 0.0137160156049	information 0.0121506089491	unterkunft 0.012117439622	region 0.0107879240178	angebot 0.0106081712324	gut 0.00977529115822	einfach 0.00911413527456	ticket 0.00907934340456	pension 0.00843352891493	reisen 0.00784532102661	flug 0.00777604398111	günstig 0.00776393114346	übernachtung 0.00684357269638	zutaten 0.00679331606084	aktuell 0.00666918004487	reisende 0.006330168154	tip 0.00626706608294	bieten 0.00611851826466
topic16	schule 0.0847882895329	schüler 0.0664473425253	klasse 0.0318743149879	lehrer 0.0270404975308	schülerin 0.0236225871252	jugendliche 0.0227048200339	unterricht 0.0181766931902	lernen 0.0166815059264	gymnasium 0.0113618786706	grundschule 0.0102384723439	pädagogisch 0.00930472980662	eltern 0.0091750781843	bildung 0.00844896241868	schuljahr 0.00776168259122	lehrerin 0.00697436456568	kind 0.00678880388922	lehrkraft 0.00570029529625	fach 0.00529537324896	projekt 0.00519112729368	förderung 0.00474939311655	mathematik 0.0046086092227	gut 0.00446491239343	aufgabe 0.00414785313995	jugend 0.00411498693473	schulisch 0.00399772593563
topic17	hoch 0.0165888469235	einsatz 0.0113427225056	material 0.00842167624232	gering 0.00612415592457	maschine 0.00609982732034	verschieden 0.0058619627481	technisch 0.00584994690486	anlage 0.00574291568325	system 0.00564646913782	möglich 0.0054440776186	erfolgen 0.00523758229522	groß 0.00520806490356	speziell 0.00520496864255	gerät 0.00508479719101	hersteller 0.00504668745411	lassen 0.00490235016343	bestehen 0.00486517917894	optimal 0.00475762000995	zusätzlich 0.00473713904583	unterschiedlich 0.00464368189002	membrane 0.00447338257228	ermöglichen 0.00430326050354	vorteil 0.00428474302304	technik 0.00407618298414	anwendung 0.00397953999568
topic18	herr 0.027864988461	lassen 0.0129453586499	kritik 0.0070356097113	bleiben 0.00631815770958	wort 0.005957279664	scheinen 0.00528039589859	offenbar 0.0049195405936	medium 0.00479786809767	zeigen 0.00446146317353	rede 0.00445499237499	offensichtlich 0.00443094488546	sprechen 0.00400262260282	tatsächlich 0.00390847131609	falsch 0.00390359646918	völlig 0.00377359878322	aussage 0.00354492933234	gehen 0.00349600027833	angeblich 0.00338921292858	klar 0.0032486737969	wahrheit 0.00316086513948	verhalten 0.0031272985417	tun 0.00312034886023	eindruck 0.00308345616721	eigen 0.00307253587519	stellen 0.00304363773314
topic19	hund 0.0950721767113	tier 0.0593326740587	katze 0.0284252992045	klein 0.0119305041014	futter 0.0116138944539	groß 0.0106082050558	vogel 0.00913934576971	welpe 0.00820486440186	fressen 0.00792784086293	züchter 0.00755500513904	tierarzt 0.0068912290476	mensch 0.00673847810533	leben 0.00654195248158	geben 0.00641032202734	jahr 0.00630371940082	rasse 0.00628495516714	hündin 0.00599763574812	alt 0.00583671670747	lassen 0.00542619917156	schwein 0.00533346284697	maus 0.00516597855908	leine 0.00511058292351	tierheim 0.00496261418725	verhalten 0.0049161679024	kommen 0.00472893388751
topic20	jahrhundert 0.0284387517327	alt 0.0254102548652	jahr 0.01821673883	zeit 0.0165934637375	name 0.0130618085268	groß 0.011022582584	spät 0.00935057827457	stadt 0.00723781725009	geschichte 0.00688715397953	erst 0.00685412766327	könig 0.00680172097934	schloss 0.00672271290683	finden 0.0066297256174	historisch 0.00656980970218	heutig 0.00635625625802	reich 0.00633034783026	erhalten 0.00628289393397	dorf 0.00627910045608	früh 0.00601273688748	burg 0.00592767144561	römisch 0.00585752090132	gehören 0.00571134490836	stammen 0.00567905719784	ort 0.00557670404857	hof 0.00540337487561
topic21	frau 0.142245337143	mann 0.0781856208795	jung 0.0177167509545	mädchen 0.0119811557542	männlich 0.0112496422087	weiblich 0.00957683447047	beziehung 0.00835090035791	leben 0.00811690318306	sex 0.00778511317902	liebe 0.00763128466781	partner 0.00733246371099	freund 0.00689156724681	sexuell 0.00687635545728	freundin 0.0067002044467	alt 0.00557438740498	paar 0.00517264273699	geschlecht 0.00502221564637	ehe 0.00500635797734	suchen 0.00449063455012	heiraten 0.00426429340271	tochter 0.00420898852257	dame 0.0042042602137	erzählen 0.00390887905431	treffen 0.00372325456986	lieben 0.00355811854672
topic22	mitglied 0.0709837452827	verein 0.0594995801628	vorsitzende 0.0244601739574	vorstand 0.0239023516994	jahr 0.0115594931945	verband 0.0113555209261	aktiv 0.0109129500384	ehrenamtlich 0.00979024805364	arbeit 0.00874948493696	aufgabe 0.00846233257886	engagement 0.00802523791858	amt 0.00749888189725	mitgliederversammlung 0.00670199646072	sitzung 0.00662293661959	spende 0.00589465770224	organisation 0.00578366648448	mitgliedschaft 0.00572809145228	neu 0.00563051873068	unterstützen 0.00542615186449	stellvertretend 0.00518014052821	abteilung 0.00517231677574	bestehen 0.00514776329069	unterstützung 0.00513608356099	vertreter 0.00494017551918	tätig 0.00487019764226
topic23	unternehmen 0.0327740254179	neu 0.0255712770223	kunde 0.00995722842627	bereich 0.00848036304657	entwicklung 0.00832586993951	produkt 0.00789383567729	erfolgreich 0.00765820055985	gut 0.00714725389936	groß 0.00711807735247	lösung 0.00693562231091	wichtig 0.00658164204863	projekt 0.00645077494154	bieten 0.00630104905044	technisch 0.00615200721074	hoch 0.00600641026259	mitarbeiter 0.00597181871084	management 0.00595487428939	stellen 0.00561690357393	ziel 0.00556284657508	entwickeln 0.00552397630872	stehen 0.00515063157357	erfolg 0.00514310725267	anforderung 0.00490097484394	innovativ 0.00487432318009	system 0.00482608720633
topic24	musik 0.0279867381556	band 0.0272927811686	album 0.0228458314549	song 0.0211484248832	neu 0.0155447277227	lied 0.0123120112747	hören 0.0120753882832	jahr 0.0106148629436	konzert 0.0103368646891	spielen 0.0102220428726	erst 0.00932228123106	gut 0.00907229843691	geben 0.00896528954132	rock 0.0080108512118	live 0.00798025367689	singen 0.00767148786719	fan 0.00731532632435	bühne 0.00676746745968	kommen 0.00659472071883	musikalisch 0.00645808708087	stimme 0.00600712572093	musiker 0.00598099620552	klingen 0.00563825147827	show 0.00549556932871	sound 0.00513668060998
topic25	bieten 0.0213876572894	design 0.0164971564424	produkt 0.0134773321485	hochwertig 0.0125004739132	finden 0.0123338913024	neu 0.0111257675898	auswahl 0.0109695481792	lassen 0.00961998913014	individuell 0.00955437362327	qualität 0.00955220950995	perfekt 0.00952587125292	marke 0.00951410014415	einfach 0.0090685249204	verschieden 0.00858643143092	groß 0.00814793796967	passend 0.00786942729255	hoch 0.00760031863571	tragen 0.00731982913164	farbe 0.0072108350697	geben 0.0071115782985	sorgen 0.00648040424637	klassisch 0.00644765107527	modern 0.00573247424009	besonder 0.00571900532908	schuh 0.00545072800116
topic26	klägerin 0.0974647636625	kandidat 0.056475330824	chemie 0.0508745368652	aktuelle 0.0219142474483	stellenanzeige 0.0179197158017	berufungsgericht 0.0151008473858	gasthof 0.0135256861457	professorin 0.0123090154308	essener 0.0115720281567	kandidatin 0.0112646925187	saarländisch 0.0101266282566	klonen 0.0100727411943	träge 0.00984564575658	stellenmarkt 0.00967838713268	bezeichnung 0.0094540690142	wahl 0.00873991328683	persisch 0.00873680512301	naturwissenschaftler 0.0085950513439	chemiker 0.00800718202669	disposition 0.00743680977511	gehoert 0.00739744398402	zeche 0.00719409943625	letter 0.00654848325226	wohnanlage 0.00645345466519	schranke 0.00630350998832
topic27	energie 0.031068981376	umwelt 0.0182319016723	strom 0.0154288721164	jahr 0.0139839869874	ökologisch 0.0128327901478	betrieb 0.0121348686677	nachhaltig 0.0103728737321	anlage 0.00855304289843	industrie 0.00711145195981	erneuerbar 0.00706710985939	nutzung 0.00671581391116	tonne 0.00607510111794	rohstoff 0.00565431996101	umweltschutz 0.00552338339232	nachhaltigkeit 0.00529829807884	neu 0.00528437299563	verbraucher 0.00517936385098	klimaschutz 0.00498909830584	energiewende 0.004756179343	kosten 0.00451975426592	wirtschaft 0.00446231778039	erneuerbare 0.00436563413228	deutsch 0.00424828767666	klimawandel 0.00424731201343	kraftwerk 0.00416004852739
topic28	nord 0.0287812134582	wal 0.0210970836404	süd 0.0191880183009	friedhof 0.0184619867589	tauchen 0.0164356778093	laser 0.0143675985534	hai 0.0118387513114	prädikat 0.011110982411	heidelberger 0.0110544988493	rudel 0.0106420341818	fass 0.00996379530086	laterne 0.00973609231561	interlake 0.009662491057	kindertageseinrichtung 0.00956402689278	taucher 0.00895598591639	überdacht 0.00845574184733	wasseroberfläche 0.00840516338587	delta 0.00838915031704	boje 0.00832233120946	volume 0.00828611592173	tauchgang 0.00801274311079	erfolgserlebnis 0.00746173760783	bagger 0.00727913321106	flocke 0.00719549253047	kaktus 0.00696282964777
topic29	mensch 0.0630821950748	leben 0.0512047038448	eigen 0.0120503311081	machen 0.0102741395893	welt 0.00969500212864	geben 0.00900439651303	weg 0.00780192467375	selbstbewusstsein 0.0072046902812	wichtig 0.00719748743936	gehen 0.00697324103036	groß 0.00686017705313	zeit 0.00649314761018	gut 0.00630967149734	tun 0.00628620828078	stärken 0.00582407102139	gefühl 0.00576458233955	lernen 0.00575235754451	brauchen 0.00561396308153	kommen 0.00545065966661	sagen 0.00524658989386	wissen 0.00512606338598	fühlen 0.00508590695824	erleben 0.00502164792452	helfen 0.00497101637578	angst 0.00483350085368
topic30	auto 0.0840902385477	fahren 0.0678711467043	fahrzeug 0.052825781281	pferd 0.0440231050466	wagen 0.0233663717746	fahrer 0.0208514981563	reiten 0.0129436649269	straße 0.0114921539601	pkw 0.010245781559	jahr 0.010179042937	reitbeteiligung 0.00925801376558	stehen 0.00854009146093	golf 0.00851119364969	autobahn 0.00782161569203	halter 0.00658181177699	reiter 0.00641295495309	kommen 0.00615379869145	autofahrer 0.00602509508502	gelände 0.00589017940768	fahrt 0.00555023292882	kraftfahrzeug 0.00530632265095	verkehr 0.00504343237321	heu 0.00497985587266	diesel 0.0048410353658	stall 0.00458511562449
topic31	neu 0.0122640843636	sagen 0.0119098977318	fordern 0.00929913057748	bürger 0.00753801596893	geben 0.00698100765987	land 0.0067710508025	weit 0.00654622531424	gehen 0.00625954952746	erklären 0.00533466459791	bundesregierung 0.00528370937222	öffentlich 0.00486793508368	stehen 0.00485326975314	sehen 0.00469050540903	jahr 0.00466870842785	regierung 0.00454137652356	entscheidung 0.00453044493141	politik 0.0044532268351	deutlich 0.00436970711002	machen 0.00433060994039	bundestag 0.00414976351583	diskussion 0.00409733291597	geplant 0.0040467260569	künftig 0.00398905826146	stellen 0.00390470166818	forderung 0.00389638085974
topic32	richtung 0.0346920321562	unfall 0.0231469091541	schaden 0.0228686899492	schwer 0.0203800439989	feuer 0.0160138740565	höhe 0.0113398936278	befinden 0.00926772374739	stab 0.00884251793385	seil 0.00773531349906	unbekannt 0.00770937148619	schirm 0.00713939806283	verletzung 0.00697547079418	linken 0.00667914774687	abbiegen 0.00649432297992	folgen 0.00628393491777	meter 0.00619815268877	ausfahrt 0.0061517569901	entstehen 0.00606592388755	flugplatz 0.00567514142952	mars 0.00551991618635	leicht 0.00536000018274	flamme 0.0052636349588	kreuzung 0.00516996095989	bruch 0.00505882966428	einwirkung 0.00504823828445
topic33	sehen 0.0171175206478	sagen 0.016989255756	gehen 0.0165556320871	kommen 0.0149125371937	stehen 0.0105305157091	hand 0.0101758074122	wissen 0.00895896872804	auge 0.00887564264666	lassen 0.00874609997325	machen 0.0072174459103	kopf 0.00706983963898	sitzen 0.00677685815478	fragen 0.006524703801	hören 0.00625526552684	nehmen 0.00601168918719	klein 0.0054665768492	arm 0.00535989686943	gesicht 0.00524591506036	halten 0.00478943402939	tun 0.00474416888981	liegen 0.0047161506089	kurz 0.00470463475065	denken 0.00465754404855	blick 0.00450392127926	plötzlich 0.0044511120177
topic34	doktor 0.0873786800008	professor 0.0547004695635	universität 0.048793896475	institut 0.0317899517111	wissenschaftlich 0.030190780836	forschung 0.0260929088652	wissenschaft 0.0199513912323	studie 0.0179051232498	vortrag 0.014339862411	wissenschaftler 0.0140133873009	neu 0.00982074729746	hochschule 0.00896670645823	gesellschaft 0.00847763350511	deutsch 0.00790101425896	fakultät 0.00769660819575	arbeit 0.00755562530666	thema 0.00706147492529	forscher 0.0067522709111	akademie 0.00658240825867	international 0.00632248443729	zentrum 0.00630588375452	fachbereich 0.0059467060847	rahmen 0.0057115497932	tagung 0.00553470526372	entwicklung 0.00552375237654
topic35	anwalt 0.0336226512896	frage 0.0264142548749	rechtsanwalt 0.0211283532243	kreis 0.0210714496292	wenden 0.0207084884064	mandant 0.01739688413	ratsuchende 0.0134383180105	entsprechend 0.0126935736318	thema 0.0126552313831	patent 0.00972176336781	helfen 0.00970041170571	beraten 0.00788240180604	stehen 0.00788203551465	ehegatte 0.00684008536768	vertrag 0.00678191404772	weiter 0.00675301456684	kanzlei 0.00672095937174	anspruch 0.00641832426095	erbe 0.00629804100517	gerichtlich 0.00628495885683	schuldner 0.0056814907033	ehepartner 0.00547287571401	abmahnung 0.00540410487607	beratung 0.00514237913203	testament 0.0049636938398
topic36	haus 0.106382500374	wohnung 0.0604429325054	raum 0.0561289404627	wohnen 0.0325873554736	mieter 0.0199280535009	fenster 0.0192910404245	wand 0.018170955381	vermieter 0.0146590310149	bewohner 0.0115171568389	immobilie 0.00963949521834	dach 0.00953112902467	gebäude 0.00952546732808	möbel 0.00946536191753	nachbar 0.00939526504014	küche 0.00916835858967	grundstück 0.00884290074683	eigentümer 0.00821508041362	miete 0.00797661752614	quadratmeter 0.00760203965221	garten 0.00707341652066	keller 0.00697123224792	objekt 0.00690972310546	büro 0.00689922276993	wohnzimmer 0.00679618982386	wohnraum 0.00648705188553
topic37	kabel 0.0207724924353	radio 0.0165879309995	magnetventil 0.0155456111467	anschluss 0.0152645808738	sender 0.0137294829524	signal 0.0131468543823	kanal 0.0130960948374	board 0.0122236942758	spannung 0.0115137795645	modul 0.0110083888286	antenne 0.0103883530656	funktionieren 0.00952501493698	analog 0.008675453514	gerät 0.00858934355092	strom 0.008347135507	anlage 0.00703796668808	leitung 0.00699412205135	digital 0.00666619283038	watt 0.00665040375408	senden 0.00661548041837	direkt 0.00659553199612	frequenz 0.00652357937355	schalter 0.00636110917684	empfänger 0.00631035472299	stecker 0.00627913741516
topic38	gehen 0.0304373716344	geben 0.0247028602931	machen 0.0245538812432	problem 0.0229697854832	kommen 0.0213518239324	bekommen 0.0202547749029	gut 0.0197608235741	neu 0.0131171099521	brauchen 0.0126876718247	wissen 0.0119447935265	laufen 0.0109715484323	einfach 0.0106374064285	richtig 0.00953648131187	gleich 0.00946760315321	liegen 0.00891616264368	sagen 0.00864568116801	lassen 0.00813137964382	stehen 0.00808937573776	genau 0.00767751413776	alt 0.00758931286964	sehen 0.00758420014833	schnell 0.00720959256492	woche 0.00719947626008	nehmen 0.00713577885636	helfen 0.0067753633554
topic39	neu 0.0336574987677	gebäude 0.021272414877	straße 0.0207243504764	bau 0.0203350100718	zug 0.0101224125751	jahr 0.0100519546974	bauen 0.00922173414716	weit 0.00864984024959	architekt 0.00860151194129	planung 0.00830927583907	anlage 0.00828197233888	bahn 0.00816959149414	bahnhof 0.00767145975559	projekt 0.00746144098099	erst 0.00712824918916	neubau 0.00685067975555	stehen 0.00684592098252	plan 0.0062636270931	bereich 0.0062214771976	platz 0.00606499465666	entstehen 0.00603722249576	betrieb 0.00601063224895	standort 0.00575156770339	brücke 0.00565812728594	sanierung 0.00565104172959
topic40	gut 0.0519076679261	schön 0.0349561558032	toll 0.0181570939231	lieb 0.0154782964822	tag 0.0150479794632	machen 0.0150066711803	klein 0.0143493589265	freuen 0.013136305274	zeit 0.0124580783786	gehen 0.011882898174	kommen 0.0117600787953	spaß 0.0114841498399	einfach 0.0110079445437	finden 0.0107728742023	neu 0.0100947406011	wirklich 0.00999349592208	woche 0.00998617671946	erst 0.00964391341549	super 0.00828264962758	wünschen 0.0082197967024	groß 0.00793251897276	richtig 0.00792156188604	nah 0.00764770242204	dank 0.00723278364959	geben 0.00695910214347
topic41	polizei 0.0262311930603	fall 0.0214196560677	gericht 0.0135674585118	person 0.0110548696206	täter 0.0107443190351	anwalt 0.00749201084682	richter 0.00745532961941	zeuge 0.00733125472079	beamter 0.00667257036483	staatsanwaltschaft 0.00665439081872	angeklagte 0.00655335106741	polizist 0.00632170323798	handeln 0.0061142485658	strafe 0.00599267251832	ermittlung 0.0059685254952	straftat 0.00586571595682	illegal 0.0058015125836	justiz 0.00563600099719	opfer 0.00560914081242	verfahren 0.00544734260486	oberlandesgericht 0.005282169376	betroffene 0.00518416825672	verdacht 0.00489898051218	juristisch 0.00472801890086	prozess 0.00472218586271
topic42	gehen 0.023122115425	tag 0.0223037188176	fahren 0.0174118162529	weg 0.0155097052396	kommen 0.00965632883728	geben 0.00957594011613	kurz 0.00910009772743	klein 0.00892943027191	stunde 0.0087825627789	nah 0.00859200944919	richtung 0.00791286686645	schön 0.00782673700249	straße 0.00763706106445	wetter 0.00716490889418	erst 0.00713302073795	fahrt 0.00674599351717	führen 0.00665909154155	gut 0.00659796375374	lang 0.00625565197533	machen 0.00622606612585	berg 0.00607483696271	sehen 0.00597431784314	letzt 0.00591784137463	weit 0.00580403069296	bus 0.0056067650719
topic43	häufig 0.0127052039926	untersuchung 0.0116716900709	hoch 0.0108856854034	zeigen 0.0101638103787	weit 0.00987637100924	fall 0.00918719333776	liegen 0.00832423909427	ergebniss 0.00824582747294	führen 0.00798455844385	möglich 0.00783099358494	deutlich 0.00738091473221	gering 0.00732107770793	stark 0.00696778412037	kommen 0.00664296099756	zelle 0.00658523270506	verschieden 0.00652022850485	groß 0.0063150406828	studie 0.00625413490348	bestehen 0.00546332270088	veränderung 0.00534300866059	bereich 0.00530602970177	unterschiedlich 0.00528356290985	auftreten 0.00525917167448	bestimmt 0.00523821862189	lassen 0.00503214768001
topic44	detail 0.154783418693	abbildung 0.0625454128363	stern 0.0614856391621	zustand 0.0319764314101	gut 0.00956229151243	solar 0.00932346359708	minimal 0.00895827915724	leitfaden 0.00872353397625	poster 0.0081224066698	inventar 0.00792185224833	harz 0.00789102870264	leicht 0.00771421327159	wärmedämmung 0.00685763860454	zuzahlung 0.0063034580006	energiebedarf 0.00559853313876	einreichung 0.00557608587406	teleskop 0.00543528596601	aktionsplan 0.00530242741972	gering 0.00510965344099	koreanisch 0.00507080811091	stipendiat 0.00502003637676	einsendung 0.00481194627179	schnitt 0.00478294786064	bedrucken 0.00461977645508	heizungsanlage 0.00450556664926
topic45	geben 0.0280014951196	gut 0.0238784127429	machen 0.0140392555356	gehen 0.0112243170663	wirklich 0.011121591574	einfach 0.0104504290163	wissen 0.0102504862604	kommen 0.0097578729431	sehen 0.00941231239014	sagen 0.00875712574306	tun 0.00861741445369	meinung 0.00835465490894	lassen 0.00818178254871	zeit 0.00812574767725	frage 0.00722994850022	genau 0.00708440332185	fall 0.00696149269214	sicher 0.00687379102629	thema 0.00675524004471	groß 0.00668702998743	klar 0.00668503249926	grund 0.00656916313516	halten 0.00627919359056	richtig 0.00621801074327	denken 0.00607889682769
topic46	frage 0.287648738702	antwort 0.129375806749	telefon 0.0664987351783	beantworten 0.0417844813942	eintrag 0.0283848509714	anfrage 0.0274080391401	fax 0.0169750826874	rufen 0.0116159510478	möglich 0.00954744526241	kontaktieren 0.00904780280226	wenden 0.00870606209934	kontaktdaten 0.00815046124812	kontaktformular 0.00732794340819	telefonisch 0.00596388848624	ansprechpartner 0.00573737579692	wissen 0.00573097976224	festnetz 0.00572228893591	inserat 0.00571928214813	helfen 0.00556954836423	gestellt 0.00505763333187	einfach 0.00469974027159	benachrichtigung 0.00421685767984	moderatorin 0.00421303577566	auskunft 0.0041966166934	allergiker 0.00419479765049
topic47	preis 0.0679654851526	kunde 0.0415128923851	euro 0.0304296275414	angebot 0.0240097076491	kaufen 0.0235962871631	günstig 0.0215595677376	bestellen 0.0205388030944	ware 0.0196224258917	produkt 0.0182434541147	bestellung 0.0172827205911	versand 0.0127033546007	artikel 0.0123546038458	verkaufen 0.0119948626236	händler 0.0118749827804	gutschein 0.0114555452035	verkäufer 0.011383166023	lieferung 0.0110704164023	verkauf 0.009233034546	käufer 0.00923137033695	versandkosten 0.00896455159283	kosten 0.00860056595268	tag 0.00779877236227	rechnung 0.00779836689286	erhalten 0.00773685378975	kauf 0.00728572378956
topic48	prozent 0.0366745068285	euro 0.0290277697374	jahr 0.028667417429	million 0.0273890044195	bank 0.0152178304801	hoch 0.0122844590411	geld 0.0112422337174	groß 0.00894966604645	milliarde 0.00820133787459	liegen 0.00789054988583	zahl 0.00765205038505	gut 0.00698273798958	markt 0.0068574660069	steigen 0.00669699864973	deutsch 0.00641902351856	deutlich 0.00586572943642	neu 0.00558068482609	stark 0.00521880867134	aktuell 0.00494488043254	kredit 0.0048681234756	unternehmen 0.0048471670305	wert 0.00478281093374	aktie 0.00470821674582	geben 0.00469665793203	zins 0.00463316299275
topic49	sport 0.0273993275313	laufen 0.0250269779261	rennen 0.0244535001949	training 0.0240653075992	start 0.0153195781085	zeit 0.0148952681244	ziel 0.0139623850954	schnell 0.0133517240492	jahr 0.01329051933	minute 0.0132668194392	strecke 0.0130333335249	lauf 0.0120807719386	trainieren 0.0115817404565	gut 0.0113872391779	sportlich 0.0113503759709	meter 0.0108403595338	läufer 0.00921877357141	lang 0.00895156436197	stunde 0.00888962512505	runde 0.00872736164755	sportler 0.00817143665265	trainer 0.00787625138943	woche 0.00763744341209	sekunde 0.00743087242951	spaß 0.0074291737919
topic50	mensch 0.0147659055893	welt 0.013810480543	menschlich 0.00859433897214	natur 0.00824923739055	geist 0.00812630894981	denken 0.00676039160392	geben 0.00657395236823	wissen 0.00653411039198	sinn 0.00639057128558	wesen 0.00624510346925	zeit 0.00607043262048	geistig 0.00538433665543	religion 0.0053783159411	philosophie 0.00512945291536	körper 0.00504724764507	inner 0.00502941823	ding 0.00460698997641	form 0.00444784597944	art 0.00439702850067	bewusstsein 0.00439698237373	weise 0.00428077568691	gedanke 0.00418049048954	wahrheit 0.00407492804163	kraft 0.00403177965913	wirklichkeit 0.0039241456723
topic51	wasser 0.0577902901903	gut 0.0179505669413	fisch 0.0154349481942	warm 0.0110348835314	klein 0.00982265390379	kalt 0.00942715902973	geben 0.00887128479994	trocken 0.00740523191462	tag 0.00736486015347	becken 0.00702053945358	flasche 0.00664507163166	trinken 0.0066107671992	groß 0.00629587636804	bier 0.00596210375519	nehmen 0.00595803802431	liter 0.00567476922489	halten 0.00565373071946	lassen 0.00520286255862	heiß 0.00518178698011	waschen 0.00504878457541	schnell 0.00485423303841	temperatur 0.00480353146901	teich 0.00479269209147	sauber 0.00462074768026	grad 0.0043664224654
topic52	geschichte 0.0131735442359	figur 0.00818426961001	finden 0.00778430832842	ende 0.00729324948051	welt 0.00720427791209	erst 0.00648679543478	charakter 0.00622773942315	neu 0.0056741000015	held 0.00546407853961	teil 0.00544754406076	lassen 0.00534364311986	weit 0.00491064471949	groß 0.00471445450384	abenteuer 0.00446576420344	scheinen 0.00435046319709	böse 0.00407478144213	klein 0.0039631027444	story 0.00395986342083	letzt 0.00378815390548	geheimnis 0.00367879716374	zeit 0.00342887226722	alt 0.00334780687057	wirken 0.00330806220929	tod 0.00323613208345	dunkel 0.00320158583353
topic53	privat 0.0268182401704	jahr 0.0201923703992	gesetzlich 0.019438820871	leistung 0.0191443051078	versicherung 0.0165823147374	beitrag 0.0143753901091	einkommen 0.012978187579	rente 0.0123043709342	finanziell 0.0108753176522	hoch 0.00996636880204	krankenversicherung 0.00972020325604	geld 0.00829583177999	steuer 0.00826068555833	krankenkasse 0.00823320246995	kasse 0.00823199572851	haushalt 0.00766433760044	euro 0.00759037805826	versicherte 0.00745982499849	alt 0.00708317302583	zahlen 0.00699589403023	alter 0.0062061637704	rentenversicherung 0.00565935242348	neu 0.00541201253699	leisten 0.00490298280293	darlehen 0.00477346600683
topic54	staat 0.0239419654875	politisch 0.0227519229139	gesellschaft 0.0197419365793	sozial 0.0184988024216	politik 0.0134288337196	recht 0.0117852246325	freiheit 0.0103488378697	gesellschaftlich 0.00778780176963	demokratie 0.00741770151532	frei 0.00712486124574	macht 0.00699269217969	volk 0.00654124202587	system 0.00643518806763	staatlich 0.00611924913704	demokratisch 0.00550426778865	bürger 0.00493411365198	mensch 0.00466317541976	gesetz 0.00461609342596	krise 0.0041752813432	interesse 0.00411701239907	wirtschaft 0.00403984574802	verhältnis 0.00398967227033	wirtschaftlich 0.00398631500881	revolution 0.00380780563067	arm 0.00379807075042
topic55	gelten 0.0158989732843	recht 0.0103291941426	entsprechend 0.00985500152681	regelung 0.00891657673726	gesetz 0.00883513633055	gesetzlich 0.00802142285427	datum 0.00777690565824	fall 0.00775866282334	erfolgen 0.00736567140005	allgemein 0.00722916524362	erforderlich 0.00691624736422	bestimmung 0.00590415902447	schriftlich 0.00590187975102	änderung 0.00583407842279	absatz 0.00557526625806	person 0.0055709682602	vertrag 0.00545409569793	vorschrift 0.00530209894634	grundsätzlich 0.00521801840761	leistung 0.00509237989765	schaden 0.00506864923701	rahmen 0.00504233063243	regel 0.004852199768	bestimmt 0.00468860979163	zweck 0.00467056713448
topic56	essen 0.022225364626	wein 0.0180127389272	geben 0.0151707752178	lassen 0.014379556025	gut 0.0108607611537	fleisch 0.0103402135553	frisch 0.0103236922282	kochen 0.0102413362888	salz 0.00951010895265	rezept 0.00927394775079	schmecken 0.00923185895304	gemüse 0.00869384195776	minute 0.00802370066289	lecker 0.00787027459298	kaffee 0.00786645057165	milch 0.00745903171563	kartoffel 0.00725306263941	fein 0.00710601001425	zucker 0.007011918953	schneiden 0.00632170855608	klein 0.006259565578	geschmack 0.00620976704491	brot 0.0060720682445	tee 0.0059705800992	frucht 0.00591833053754
topic57	partei 0.0623121851043	wahl 0.041964984624	politisch 0.023669248017	linke 0.0220951697543	stimme 0.021087407349	grüne 0.0210570810102	wählen 0.0156858347926	wähler 0.01339631794	linken 0.0123054221181	politik 0.0120376564262	demokratie 0.0102084332684	links 0.00986976885613	wahlkampf 0.00939762956295	mehrheit 0.00905325622218	pirat 0.00895448496345	politiker 0.00802941812974	kandidat 0.00781882977458	grün 0.00732334498326	demokratisch 0.00721244621149	koalition 0.0067664553077	union 0.00656933535013	prozent 0.00646251990385	linkspartei 0.00645177189124	umfrage 0.0054484984588	plakat 0.00539117984117
topic58	gut 0.0279420629293	neu 0.0255618467112	gerät 0.0208801716032	modell 0.0135486175193	groß 0.0113791905382	preis 0.0100596487905	euro 0.00948623506338	hersteller 0.00936629153075	klein 0.00849152613702	geben 0.0084297050561	test 0.00833056578207	akku 0.00790249594396	bieten 0.00712670453524	schnell 0.00597578455331	hoch 0.00564419241541	display 0.00542486955872	teuer 0.00515731829651	markt 0.00506738062345	box 0.00506217530353	kaufen 0.00493260067225	aktuell 0.00491142418406	günstig 0.00490739212807	batterie 0.00476067321553	lassen 0.00470657296029	leistung 0.00426234071691
topic59	sprache 0.0581366288741	deutsch 0.0484580031704	englisch 0.0466035678248	wort 0.0402817916599	text 0.0355352535016	begriff 0.0248679412734	übersetzung 0.0159001498352	sprechen 0.0141826255027	französisch 0.0117335868402	spanisch 0.010173164259	satz 0.00973108094367	übersetzen 0.00712119292386	dokument 0.00651628461621	elektronisch 0.00643445752678	bezeichnung 0.00623037560866	bedeutung 0.00613253625629	informatik 0.00608627647737	verstehen 0.00579278156635	sprachlich 0.00567976430322	beispiel 0.00528419326034	deutsche 0.00464884141279	verschieden 0.00462487739703	information 0.00460768090482	lexikon 0.00456259294194	form 0.00454438132482
topic60	datei 0.0166274918862	neu 0.0165650184339	datum 0.0151847974736	programm 0.01514182509	version 0.0122829616024	klicken 0.0108873021424	einfach 0.0104080871458	funktion 0.00886855602587	automatisch 0.00854264484748	browser 0.00824545755052	seite 0.00808188219832	finden 0.00774273117021	aktuell 0.00686231774038	erstellen 0.00655847314195	lassen 0.00646129720322	speichern 0.00637088146642	einstellung 0.0063039122748	dokument 0.00589961321579	öffnen 0.00579751935101	geben 0.005704984507	update 0.00556620785448	möglichkeit 0.00555762335528	weit 0.00546654058795	datenbank 0.00546631881714	funktionieren 0.00520353132684
topic61	jahr 0.146753639924	neu 0.0453873137023	alt 0.0220733922799	tag 0.0169696767823	herzlich 0.0161591202761	feiern 0.0142117440854	letzt 0.013699050269	groß 0.0127321322776	herr 0.0123144431194	geburtstag 0.011829981501	fest 0.0104508059055	freuen 0.010143509958	weihnachten 0.00963105317037	vergangen 0.00802977740446	wünschen 0.00790598675912	zeit 0.00752645211263	geschenk 0.00746926749442	gast 0.0065396333159	hochzeit 0.00649567879433	feier 0.00604125566079	nah 0.00584665551393	gemeinsam 0.00569471104443	monat 0.00555503523755	geben 0.00550886354229	besonder 0.00547688728797
topic62	seite 0.0676050985465	artikel 0.0528577286481	inhalt 0.0527825082792	kommentar 0.0344402610011	link 0.0250196117896	information 0.0223818902919	blog 0.0136830657058	text 0.0132963463198	autor 0.0122163558927	datum 0.0119275110123	ausdrücklich 0.0113568755154	webseite 0.0105227855591	beitrag 0.00986641751844	website 0.00905551429814	betreiber 0.00890175522268	jeweilig 0.00857843606198	rss 0.00844711019116	möglich 0.00844664428815	übernehmen 0.00832680502759	angabe 0.00828446119584	nutzung 0.00783544488679	eintrag 0.00735088476328	urheberrecht 0.00698386051807	eigen 0.00694120672583	teil 0.00687201117361
topic63	mensch 0.0107928229947	gesund 0.0106117721817	ernährung 0.00934022821454	gesundheit 0.00900406316069	wichtig 0.00880896203306	körper 0.00810955059796	wirkung 0.00794415315336	häufig 0.00698347645337	hoch 0.00690029939113	symptom 0.00674399545913	erkrankung 0.00649993117554	vitamin 0.00604681402496	medikament 0.00597407244929	krankheit 0.00597281140571	blut 0.00566047879268	risiko 0.00529044448056	kommen 0.0051072001169	gut 0.00506016037045	allergie 0.00499430945263	wirken 0.00490817967154	jahr 0.00456370879553	diabetes 0.00444377093482	ursache 0.00431798104686	täglich 0.00412956472136	führen 0.00412059842505
topic64	note 0.0252199092352	ton 0.0238861484418	suite 0.00908512700444	fein 0.0086620358541	karneval 0.00861299995052	anagramm 0.00853534761945	dirigent 0.00763101226784	harmonisch 0.00760751834226	zitrone 0.00755537103881	stromlos 0.0075219365066	füllung 0.00645578138533	royal 0.00633963560834	puppe 0.00630845386826	unbeschwert 0.005991080465	neumarkt 0.00578592872646	adjektiv 0.00566407283939	getrocknet 0.00545036121015	narr 0.00533717189022	takt 0.00523599850199	mus 0.00517132110958	eule 0.00514387357492	zart 0.00502453577402	sanft 0.00494670463508	handelskammer 0.00480699350388	kirsche 0.00479538965954
topic65	film 0.11371162921	serie 0.0216531891593	folge 0.0215736257107	dvd 0.01813033741	kino 0.0148284870117	szene 0.013921269911	sendung 0.0119342047	fernsehen 0.0105654195908	zuschauer 0.0102618421763	rolle 0.00946631487267	schauspieler 0.00937032894634	star 0.00925831595943	erst 0.00905388171231	regisseur 0.00876121043341	gut 0.00875044992954	sehen 0.00757896411261	jahr 0.00711557891155	teil 0.00699580793604	regie 0.00640527206577	spielen 0.00639221515724	ende 0.00612118234819	neu 0.00601797874847	story 0.00572015513957	minute 0.00558364711988	verleih 0.00543637348433
topic66	stadt 0.103833804725	gemeinde 0.0395251446955	bürgermeister 0.0201086910317	landkreis 0.0196906599818	region 0.0168876412082	bürger 0.0154576820924	bayerisch 0.0140721388546	ort 0.0110419413754	rathaus 0.010718521551	kreis 0.0105645478882	einwohner 0.00842757471347	städtisch 0.00790482295487	jahr 0.00782380242931	sächsisch 0.00625888058968	kultur 0.00603670795788	stadtteil 0.00602303546036	kommunal 0.00588363838088	doktor 0.00586179157223	landrat 0.00581001843837	kommune 0.00558572062908	oberbürgermeister 0.00531201594786	stadtrat 0.00526946781633	gemeinderat 0.00515386583521	regional 0.00505100237442	öffentlich 0.00481672799281
topic67	bewertung 0.120662168669	stiftung 0.0953566143055	spende 0.0501037074303	bewerten 0.0343932992636	spenden 0.0309413063634	apotheke 0.0259046578866	heim 0.0230363889144	rüge 0.021864599895	leuchtturm 0.0126432980405	altenheim 0.011416213443	bewohnerin 0.0106636842533	apotheker 0.0102869551776	schenkung 0.00944716746542	liquid 0.00907566573801	ersparnis 0.00880216628666	uhrenarmband 0.00864320895186	anrufer 0.00834885651373	dateiname 0.00788922918103	südamerikanisch 0.00705761987683	zulage 0.00669002970356	vollversion 0.0063494446921	zweck 0.00616684989883	bewohner 0.00608796108581	bewertet 0.00587363550789	zinssenkung 0.00577668266007
topic68	deutsch 0.0670603472597	jahr 0.0592754010887	erst 0.0241412576912	neu 0.0144727295003	spät 0.0121066247766	berliner 0.00990382325336	zeit 0.00927588546698	groß 0.00926604317058	deutsche 0.00834149180881	zweit 0.00799113203876	zeitung 0.00725235385665	ende 0.00712176631873	kommen 0.00678241768652	ehemalig 0.0066854237395	geschichte 0.00626356650672	jung 0.0062108341594	französisch 0.00590429005643	anfang 0.00513127364835	früh 0.00479899662567	beginnen 0.00460398792981	international 0.00453050737636	letzt 0.00443898811308	bekannt 0.00441755525015	weltkrieg 0.00432503003465	name 0.00427049334921
topic69	arbeit 0.0630897857562	mitarbeiter 0.0400772309725	arbeitgeber 0.0394974388323	arbeitnehmer 0.0340056664903	betrieb 0.025777958712	arbeitsplatz 0.0230012682613	arbeiten 0.0225480621624	job 0.0209713527502	beschäftigte 0.0204767927183	kollege 0.0191526813177	arbeitszeit 0.0132736950115	unternehmen 0.0120830291916	lohn 0.0106790423231	kündigung 0.0105699540231	arbeitsverhältnis 0.00972714343773	gewerkschaft 0.00964843292299	stelle 0.00933283299416	chef 0.00928919113511	betrieblich 0.00923908964092	tätigkeit 0.00844459732241	dienst 0.0081542031877	beschäftigung 0.00810094403033	stunde 0.00809077195975	angestellte 0.00789261835013	arbeitsmarkt 0.00757821962043
topic70	uhr 0.197920453187	feuerwehr 0.017036730546	finden 0.0130065768612	treffen 0.0112812322982	kommen 0.0110468063047	einsatz 0.0104568602539	tag 0.0101370509185	stunde 0.00957691148788	euro 0.00945986244281	termin 0.0092517484835	abend 0.00711819564908	weit 0.00695419873013	zeit 0.00682839957217	person 0.00639837058716	helfer 0.00607990130132	wochenende 0.00604557420886	nacht 0.00603758719456	stehen 0.00563603145551	woche 0.00557696586893	bitten 0.0052924873429	freiwillig 0.00520414128281	ort 0.00512068432778	beginnen 0.00484551702814	anschließend 0.00462381178953	erst 0.0045840258012
topic71	erde 0.0131466326545	groß 0.011354241741	planet 0.00867764460895	luft 0.00836093925916	sonne 0.00800622476578	energie 0.00730026075838	temperatur 0.00717727754102	gas 0.00697070894187	hoch 0.00695212939274	jahr 0.0064711066578	liter 0.00642018975025	elektrisch 0.00624421901355	mond 0.0055455615307	geschwindigkeit 0.00546872501866	atom 0.00529518666133	entstehen 0.00498496382671	geben 0.00497465120262	stark 0.00479366091231	masse 0.00442050921216	teilchen 0.0043934353581	klein 0.00424587075991	strahlung 0.00417421174538	grad 0.00416888105269	weit 0.00415269698059	zeit 0.00405781592124
topic72	internet 0.0277432704877	kostenlos 0.019007277208	online 0.0149124125907	finden 0.0139698687107	medium 0.0138390104914	neu 0.0137939444317	information 0.0134098651023	werbung 0.012164436125	blog 0.0119357933034	website 0.0115858799133	markt 0.0108843605233	webseite 0.0105943597165	aktuell 0.0103755112025	bieten 0.00982370072113	eigen 0.00959086907229	angebot 0.00910135220526	kunde 0.00842882472572	gut 0.00802111330161	seite 0.00778307847685	web 0.00727166106328	netzwerk 0.00705291201589	anbieter 0.00684737128407	portal 0.0067867258445	unternehmen 0.00669732612516	nutzen 0.00635186123713
topic73	finden 0.0181622835645	thema 0.0172462736295	teilnehmer 0.0129397473803	information 0.0125243215242	bieten 0.0113328438632	projekt 0.0113266264257	möglichkeit 0.00987388909019	veranstaltung 0.00949070473834	stehen 0.00947019539569	weit 0.00873773021234	verschieden 0.0082794172321	geben 0.00819772490838	arbeit 0.00784390604652	gemeinsam 0.00780898398937	gruppe 0.00772523996756	seminar 0.0076931034303	angebot 0.00766030287373	wichtig 0.00719785657517	rahmen 0.0063601539905	aktuell 0.00568460830091	bereich 0.00551646770399	stellen 0.00548249321743	kontakt 0.00545245909961	persönlich 0.00537809489445	verfügung 0.00531940995922
topic74	kind 0.235179690569	eltern 0.0518356820218	familie 0.0451438807184	mutter 0.0391250865847	vater 0.0266231612531	jahr 0.0210496933728	sohn 0.0140604773649	tochter 0.0130191154866	jugendliche 0.0124827911274	erwachsene 0.0121785837349	klein 0.0100550722755	kindergarten 0.00937291610705	junge 0.00933218560098	jung 0.00902312439461	baby 0.00889755218762	alter 0.00858865693287	mädchen 0.00849138514217	geburt 0.00799625743809	haus 0.0063190517528	gemeinsam 0.00629298294533	alt 0.0060591517261	geben 0.00556053009851	schwester 0.00551378217539	erst 0.0049417159797	leben 0.00479177652882
topic75	spiel 0.110333103542	spielen 0.0411963529826	neu 0.0291198506691	spieler 0.026938856186	geben 0.0235217338415	level 0.0129464743679	game 0.0128669628406	staffel 0.0115102269597	erst 0.0106962113585	teil 0.00819680783399	version 0.0075371660634	spaß 0.00695806267262	grafik 0.00688517774459	kommen 0.00649841381069	karte 0.0063465774209	gut 0.00624651736343	online 0.0060540358709	mission 0.00561645572583	konsole 0.00542461361869	erscheinen 0.00538175667164	patch 0.00510172877873	xbox 0.00507632263348	titel 0.00491001114498	demo 0.00458195650354	finden 0.00455878048491
topic76	alkohol 0.0571546462307	droge 0.0388857215796	virus 0.0342278046636	konsum 0.0164412153966	cannabis 0.0144327416858	immunsystem 0.0143824850924	olivenöl 0.0139169358944	penis 0.0124288771817	impfstoff 0.012028803699	impfen 0.0111090817186	implantat 0.0104995353795	unbefristet 0.0102670976807	vegetarisch 0.0101144354124	checkliste 0.00985395828323	hanf 0.00977303925164	gefährlich 0.00853917540111	heilpraktiker 0.00825432687926	zahnersatz 0.00799665665788	grippe 0.00798430046035	kinderarzt 0.00786242618901	schlafstörung 0.00767899903708	tinnitus 0.00760231372704	infektion 0.00750953756114	verteilt 0.00721045702059	mineralwasser 0.00676177119542
topic77	kreuz 0.0314470267748	dom 0.0270468725673	website 0.0224453984709	alt 0.0188270075934	finden 0.0176897032483	seite 0.0167201193699	säule 0.0164467644092	weit 0.0152793480893	schweinfurt 0.0152266742004	information 0.0147026534567	wichtig 0.0129364229617	hinweis 0.0123083446187	folgend 0.0118709602859	aktuell 0.0101612065547	kathedrale 0.00978212431587	benutzen 0.00958988116623	fränkisch 0.0094616265514	anwesen 0.00945861746194	element 0.00934061568383	empfehlen 0.00925596167362	browser 0.00900274546566	statue 0.00848060276599	steinbruch 0.00816118990047	regelmässig 0.00792530907646	kubanisch 0.00788055087988
topic78	wert 0.0136529157136	beispiel 0.0129263301277	geben 0.0113010383191	objekt 0.00895996671408	punkt 0.00882144126241	einzeln 0.00862896496041	erst 0.00862830104056	zahl 0.00802359718722	tabelle 0.00752705112579	gleich 0.00680365767667	verschieden 0.00649814573521	methode 0.00642486188986	name 0.00631918773607	zeichen 0.00614706566744	funktion 0.00594819190067	aufgabe 0.00587977358408	klein 0.00580823224987	zeile 0.00571873704058	folgend 0.0057017212278	element 0.00564461931921	genau 0.00557984989333	stehen 0.00556582678115	anzahl 0.00552695644776	einfach 0.00551062188643	seite 0.00538070130731
topic79	gewalt 0.0240644469748	jüdisch 0.023500939038	opfer 0.0228068779277	jude 0.02208188186	recht 0.0136669842485	türkisch 0.01339816307	nazi 0.00967292396318	islam 0.00892355263628	verbrechen 0.0087560201639	mord 0.00705385133869	gefängnis 0.00699471037363	gruppe 0.00682067227348	islamisch 0.00675747312234	politisch 0.00590357964306	antisemitismus 0.00580158281211	rassismus 0.00576228586494	tod 0.00568817762774	polizei 0.005459893032	türke 0.00532075931717	häftling 0.00517330744665	gefangene 0.00500910560939	täter 0.00480938891888	verbot 0.00474383108209	geben 0.00446341538479	rassistisch 0.00436580570755
topic80	farbe 0.0296191036997	rot 0.026358290321	weiß 0.0250553854325	pflanze 0.0234893502703	schwarz 0.0231108764707	grün 0.0206428828182	blau 0.0187123795909	baum 0.016543772105	garten 0.0162951193918	gelb 0.0123208821892	blatt 0.0120311506656	haar 0.0118196995976	wachsen 0.00885841113901	winter 0.00866146875238	blüte 0.00835279442403	klein 0.00771685734705	dunkel 0.00764272200704	gut 0.00749345579838	art 0.00718730023656	blume 0.00711950236872	groß 0.00699508661049	hell 0.00662929971495	schön 0.00644173696142	bunt 0.00607590853477	braun 0.00603499166948
topic81	forum 0.0554992931386	beitrag 0.0382727487508	schreiben 0.0257999778277	geben 0.0222926623558	thema 0.0219154288971	finden 0.017265908581	dank 0.0148601569789	seite 0.0143046443836	neu 0.0136864779464	info 0.0135162228263	suchen 0.0134999806311	link 0.0127221754457	bitten 0.0109873456067	online 0.00970082167546	user 0.00935405227958	melden 0.00932260584897	gruß 0.00922051241072	willkommen 0.00904059377797	freuen 0.00852972985991	lesen 0.00840537820322	mail 0.0073773652027	homepage 0.00732254247976	wissen 0.00728041778664	thread 0.00709182366398	suche 0.00684422108918
topic82	kunst 0.0197959305084	ausstellung 0.0154825583686	künstler 0.0154744274716	musik 0.012514905026	werk 0.0124392355256	stück 0.0109611353173	museum 0.00957234560228	theater 0.00869754303076	jahr 0.00811401080349	groß 0.00778441947213	künstlerisch 0.00692245918112	musikalisch 0.00680947640755	arbeit 0.00564078700446	zeigen 0.00559587839279	publikum 0.00546209335433	kultur 0.00527647511047	tanz 0.00526638119677	konzert 0.00503038374429	chor 0.00493776128102	bühne 0.00489333892773	neu 0.00486837498954	jung 0.00447626464696	spielen 0.00379530795419	komponist 0.00377782747082	instrument 0.00366556697903
topic83	kirche 0.0937676923384	katholisch 0.0239858805602	evangelisch 0.0237898607255	christlich 0.0214557769504	gemeinde 0.0208468313558	religion 0.0168754424435	gottesdienst 0.0165487177351	glaube 0.0162947078124	pfarrer 0.0150992234748	christ 0.0133590463302	kirchlich 0.0128010899576	papst 0.0124300000224	stück 0.0122873988734	bischof 0.0122019823031	heilig 0.0113687746787	religiös 0.00973661161335	priester 0.0081434185365	bibel 0.00808923912943	gott 0.00796418378879	gemeinschaft 0.00747065207169	neu 0.00702275653427	geistlich 0.00618445906301	kloster 0.00582335855686	theologisch 0.00550159884344	orgel 0.00540157482934
topic84	europäisch 0.0288344470173	land 0.0228006996449	international 0.0171692205191	entwicklung 0.0134601058902	ziel 0.0109935627671	national 0.0109338714031	deutsch 0.0100239665943	gemeinsam 0.00889015743602	projekt 0.00842760417323	maßnahme 0.00787183616121	bereich 0.00786359613654	öffentlich 0.00742966291797	rahmen 0.0072349206562	förderung 0.00702962031758	wirtschaft 0.00688906329541	regional 0.00661631172348	wichtig 0.00655125517693	bildung 0.00643161989999	zusammenarbeit 0.00625053976122	wirtschaftlich 0.00564634829016	programm 0.00552875421097	jahr 0.00552083212806	mittel 0.00551386012489	kommission 0.00477910350922	region 0.0047292725447
topic85	system 0.0310705030238	server 0.0261564496006	rechner 0.0233107063543	computer 0.0209546735404	software 0.0196466780638	datum 0.0154977536079	programm 0.0126594700795	festplatte 0.0124508619136	internet 0.011833706758	laufen 0.0109669431973	treiber 0.00969393710555	installation 0.0096109597346	installieren 0.0087677218206	betriebssystem 0.00804821553453	windows 0.00802544098502	verbindung 0.00801798521406	hardware 0.00796974211765	bit 0.00775804054397	netzwerk 0.00772833787551	problem 0.00764293055296	anwendung 0.0066346737321	virtuell 0.00660910896787	support 0.00646529901853	client 0.00611010251565	zugriff 0.00605128066139
topic86	patient 0.0551764534152	arzt 0.0535295937085	behandlung 0.0334439684573	medizinisch 0.0263482905365	klinik 0.0196508326537	therapie 0.0195012849526	krankenhaus 0.0179022057673	medizin 0.014650697625	erkrankung 0.011700111362	krankheit 0.0116711721211	ärztlich 0.0113090067475	versorgung 0.0102019559555	praxis 0.00919419877956	medikament 0.00910943552581	operation 0.00901837899895	diagnose 0.00890261456591	krankenkasse 0.00831617358984	zahn 0.00804780520402	psychotherapie 0.00761927539532	psychisch 0.0074733382639	zahnarzt 0.00741492852564	ambulant 0.00731943188262	doktor 0.00720442015275	klinisch 0.00696650297353	haut 0.00597410849073
topic87	buch 0.164172581626	autor 0.0474374080097	lesen 0.0473719832537	schreiben 0.0383327947652	geschichte 0.0340818404264	leser 0.0287641928742	roman 0.0279690379983	kapitel 0.0146910293535	finden 0.0120200547413	autorin 0.0117107930965	thema 0.0106143021168	seite 0.0101306731016	lese 0.00989410158267	interessant 0.00773802994997	spannend 0.00742486761287	titel 0.00709974312693	erzählen 0.00690752021103	beschreiben 0.00575929566735	text 0.00535501619149	japanisch 0.00512255083921	rezension 0.00505611062666	erst 0.00469645187134	lesung 0.00469236904824	literatur 0.00465510868995	lektüre 0.00456931111194
topic88	absender 0.0294187616478	nummer 0.0231378668746	urteil 0.0149542128338	kläger 0.0132629310523	entscheidung 0.0127879900331	beklagte 0.0126687733206	satz 0.0104514994374	art 0.0101124802809	verfahren 0.00851889601705	gericht 0.00761715657892	recht 0.00748591682039	fall 0.00730198497126	klage 0.00653624691271	grund 0.00644010103107	anspruch 0.00608879097824	antrag 0.00569828934448	rechtsprechung 0.0055782576437	weit 0.00535347046596	beschluss 0.00512496223396	aktenzeichen 0.00512153448536	geltend 0.00496789284505	sinn 0.00492566812713	liegen 0.00477945962617	vorliegend 0.00457469055685	bestehen 0.00435192067735
topic89	land 0.0244815222631	krieg 0.0168764282411	regierung 0.0117356904421	welt 0.0096121936442	staat 0.00891484988327	soldat 0.00873573239046	russisch 0.00706629991553	groß 0.00635908042019	amerikanisch 0.0060955714433	chinesisch 0.0059047643807	volk 0.00564633031768	militärisch 0.00550304831007	bevölkerung 0.00546580627569	armee 0.00524583203593	geben 0.0048649251376	frieden 0.00485960319628	präsident 0.00482021372877	international 0.00458915146829	weit 0.00429519800958	million 0.00420927262345	israelisch 0.00413415583822	arabisch 0.00405931422833	bundeswehr 0.00397705778692	jahr 0.00391960397702	kommen 0.00388775621521
topic90	gott 0.0217464380491	leben 0.0138401313275	liebe 0.011638981026	tod 0.0103072709315	herr 0.0101840112911	wort 0.00959707812845	sagen 0.009521688944	herz 0.00930590044529	kommen 0.00878363490819	vater 0.00856588895155	sprechen 0.00783275139143	geben 0.00762691031261	lassen 0.00741750118916	mensch 0.00705054296903	sohn 0.00687004441005	geist 0.00677421276754	sehen 0.00661118215301	groß 0.00606057111624	tag 0.00605430652467	welt 0.00586582756863	heilig 0.00563843867569	himmel 0.00536994083387	erde 0.00513863758422	sterben 0.00513446529039	zeit 0.00479076662042
topic91	landwirtschaft 0.0325325432129	bauer 0.0308419719362	lebensmittel 0.0265842764073	landwirtschaftlich 0.0230355302537	landwirt 0.0229933885434	anbau 0.0211901242161	biologisch 0.018771339212	feld 0.0161576898809	pflanze 0.0157680997907	verändert 0.0152037433364	boden 0.0143669470525	hektar 0.0142425419255	zecke 0.0109716770093	mais 0.0108984210626	erreger 0.0106311505117	wintergarten 0.0104582923247	ernte 0.0103375019831	gentechnisch 0.00988633098887	fläche 0.00950753287893	pate 0.00895080556181	hygiene 0.00877890642533	parasit 0.00820492224794	gentechnik 0.00800612224165	acker 0.00682263119245	vorbeugend 0.00622402945563
topic92	auge 0.0326071754941	masche 0.021399038067	brille 0.018014905014	gewebe 0.0169083117104	jugendamt 0.0165813998518	unterwäsche 0.0115859150689	ortsverband 0.0110301582732	tibetisch 0.0104017322941	dessous 0.00958006795938	embryo 0.00945816769376	segler 0.0092320834697	multipel 0.00842297317486	stricken 0.00834656750087	sexy 0.00799283196746	asthma 0.00742923150401	wolle 0.00670349852517	pfleger 0.00607926129559	tibeter 0.00568601753882	schwerpunktthema 0.00537754106968	würzburger 0.00524350504249	träger 0.00505575493777	jakobsweg 0.0050551417916	peripher 0.00499425583319	anatomisch 0.00492116260427	nikotin 0.0049165024142
topic93	holz 0.0653389773303	ruderer 0.0109988796197	regatta 0.00869083328451	tourismusportal 0.00638264864097	gestein 0.00620417436753	rauch 0.00578644987078	fliese 0.00563819508476	webcam 0.00561015057452	fenster 0.00553681227547	oval 0.00530502144081	kieler 0.00525991367966	finnisch 0.00518578175716	videosequenz 0.00493386392939	kessel 0.00445677974294	lehm 0.0044410858999	kalk 0.00436698323893	finne 0.00419733297284	bundesbahn 0.00417643866943	weiterführend 0.00399058772442	achter 0.00388870814629	kiel 0.00383213818973	relief 0.00364141910389	rinne 0.00357567473813	vierer 0.00351487180795	urlaubsregion 0.00347637138365
topic94	tag 0.0155354541357	körper 0.0149691191198	gut 0.0135520183711	woche 0.0118043096027	schmerz 0.0112172691695	helfen 0.00967306428036	lassen 0.00950177986661	angst 0.00942865231888	gehen 0.00924372692549	machen 0.0078602191352	zeit 0.00714019839302	monat 0.00670036746127	lang 0.0066343159307	leicht 0.00633070847885	fühlen 0.00632319740691	stark 0.00630464733539	tun 0.00623096423353	nehmen 0.0060151185013	kommen 0.00570709062584	bein 0.00569308764849	bewegung 0.005179057559	körperlich 0.00501279637616	gefühl 0.0050028988458	jahr 0.00489507514106	stress 0.00480563699057
topic95	gmbh 0.0425497393417	firma 0.0366300051056	suchen 0.0209494225058	unternehmen 0.0205182519441	mitarbeiter 0.0145553013159	bereich 0.0130742900896	service 0.0114679039208	kunde 0.010910901058	beratung 0.00954957638328	bieten 0.00913416104413	dienstleistung 0.00901005154713	erfahrung 0.00812333512194	bewerbung 0.00767585691771	geschäftsführer 0.00764686734764	auftrag 0.00689203281128	bewerber 0.00684787472785	standort 0.00679712825157	partner 0.00640393550674	tätig 0.00617391700192	angebot 0.0059212733292	aufgabe 0.00583519578887	jahr 0.00576601368412	agentur 0.0056203970938	team 0.00551179254265	kompetent 0.00525926801415
topic96	insel 0.0876425699128	meer 0.0599655378906	strand 0.0362691163176	springen 0.0287624769019	küste 0.0211343516854	nationalpark 0.0162977528794	ostsee 0.0148375978033	indisch 0.0130367985566	cup 0.0127352426752	bucht 0.011743527047	navigation 0.0104755760377	land 0.0104271421052	schwedisch 0.00954270829628	sand 0.00914346831472	delphin 0.00819922732958	ozean 0.00814870921663	hafen 0.00810391682762	dänisch 0.00785354072092	elefant 0.00747037904858	welle 0.00719918886129	welt 0.00702493884055	australisch 0.00693931933572	flora 0.00691475659638	vulkan 0.00667915870282	sandstrand 0.006462636436
topic97	kosten 0.0251430166952	euro 0.0211208511458	monat 0.0197815767998	erhalten 0.0148617314316	zahlen 0.0104825002274	möglich 0.0102536899934	gelten 0.00885885414918	höhe 0.00848932060919	tag 0.00798456776217	jahr 0.00772561402513	gebühr 0.00767126909893	fall 0.00756056214632	betrag 0.00714764375611	vertrag 0.0068127979643	monatlich 0.00658173472269	zusätzlich 0.00637343606755	konto 0.00606314506941	antrag 0.00604930670581	betragen 0.00592682106642	erfolgen 0.00571307133529	weit 0.00553429884545	woche 0.0054050464559	geben 0.00538940230107	rechnung 0.00499197670395	zahlung 0.00464833679476
topic98	rad 0.0487460546843	fahrrad 0.0369169072015	mark 0.0328053100024	fahren 0.0282519971255	helm 0.0177304695054	marathon 0.0161102497828	motorrad 0.0158245896803	bike 0.0131691419273	remis 0.0124597503224	hörbuch 0.0107576227346	pastor 0.00993398800804	radfahrer 0.00982372861571	lenker 0.00892340162874	scheinwerfer 0.00877446607067	kirchengemeinde 0.00838547373107	rahmen 0.00782486770742	tour 0.00708535880354	höhenmeter 0.00665784531348	brasilianisch 0.00652951583318	abkühlen 0.00631254862837	testspiel 0.0059809820905	rennstrecke 0.00567629876438	korbacher 0.00560327836089	flohmarkt 0.00530494195558	vierte 0.00529431506922
topic99	spiel 0.05004262154	spieler 0.0316697396198	tor 0.028859455504	minute 0.0257226680959	mannschaft 0.0253585655238	spielen 0.0203344813178	ball 0.0192348354074	gut 0.0169740249624	trainer 0.0121987312754	kommen 0.0116689044012	chance 0.0102453578535	partie 0.00852397471629	erst 0.00787330745695	führung 0.00766707026632	gast 0.00746116971693	gehen 0.0071330972045	stehen 0.00651127635588	kurz 0.0054917142989	treffer 0.00548132473675	gegner 0.00534173510979	lassen 0.00533247091566	bleiben 0.00516424494781	abwehr 0.00509259533745	pause 0.00504837326953	spieltag 0.00481386124812
